type,id,text,score,created_utc,subreddit,query
post,f9ha61,Disney Picks Bob Chapek as Next CEO ,1216,1582665059,movies,Bob Chapek
post,f9hfui,Bob Iger Steps Down as Disney CEO; Bob Chapek to Succeed ,1,1582665631,movies,Bob Chapek
post,f9hky2,"Bob Iger steps down as Disney CEO, replaced by Bob Chapek [deleted]",1,1582666130,movies,Bob Chapek
post,f9hl3v,Bob Iger steps down as Disney CEO. Bob Chapek replaces him [deleted],1,1582666147,movies,Bob Chapek
post,f9hvu3,"Bob Iger Steps Down as Disney CEO, Disney Parks' Bob Chapek Named Successor ",2,1582667254,movies,Bob Chapek
post,f9tuq2,How Disney Veteran Bob Chapek Emerged From Dark-Horse Status to Take CEO Job ,0,1582726601,movies,Bob Chapek
post,f9v9qz,"Meet Bob Chapek, Disney’s new CEO and the Tim Cook to Iger’s Steve Jobs [deleted]",0,1582732504,movies,Bob Chapek
post,fb1plt,"Bob Iger pledged to diversify Disney's executive ranks by 2021, then announced his exit before 2021 Good Variety article on Iger pledging to Maureen Dowd, while promoting his book, that he would improve diversity among the decision makers at Disney by 2021. [Variety asks](https://variety.com/2020/film/news/disney-ceo-bob-iger-executive-diversity-2021-chapek-1203518019/): ""But what of his pledge to implement inclusion at the very top of Disney, which earned a record-breaking $69 billion in 2019?""

And here's the original NY Times story where he [made the vow](https://www.nytimes.com/2019/09/22/style/disney-bob-iger-book.html).

TLDR: Iger didn't do the diversity thing",0,1582924315,movies,Bob Chapek
post,fge1nb,"Why Did Bob Iger’s Disney Announcement Feel So Rushed? As the company elevates Bob Chapek to the top job amid coronavirus fears and economic turmoil, his predecessor will still hold the creative reins ""like a CEO but without the stress."" [deleted]",1,1583847977,movies,Bob Chapek
post,frsycu,"Bob Iger to Forgo Disney Salary, CEO Bob Chapek To Take 50% Pay Cut, Top Execs to Take Pay Cuts Amid Virus Crisis [deleted]",1,1585582455,movies,Bob Chapek
post,fruhrr,Disney - Bob Iger will forego his salary for the year. Bob Chapek has taken 50% paycut ,5,1585587408,movies,Bob Chapek
post,g0gdx1,Bob Iger takes back CEO position from Bob Chapek at Disney [deleted],1,1586773692,movies,Bob Chapek
post,g21c1x,Disney Elects CEO Bob Chapek to Board of Directors ,11,1586986634,movies,Bob Chapek
post,ib33nd,Disney CEO Bob Chapek is using the Covid-19 crisis to transform the company much faster than expected [deleted],387,1597621236,movies,Bob Chapek
post,jt4sey,Disney CEO Bob Chapek Mum on ‘Mulan’ Streaming Numbers – But Teases Future PVOD Movie Releases ,3,1605220065,movies,Bob Chapek
post,jtfm05,‘Mulan’ PVOD Results: Disney’s Bob Chapek “Pleased” But Stays Mum On Numbers ,27,1605267958,movies,Bob Chapek
post,f9hh2a,Disney Names Bob Chapek CEO ,195,1582665748,television,Bob Chapek
post,f9hj14,Bob Chapek replaces Bob Iger as CEO of Disney ,0,1582665942,television,Bob Chapek
post,f9hlh5,"Bob Iger steps down as Disney CEO, replaced by Bob Chapek [deleted]",0,1582666181,television,Bob Chapek
post,f9v9w7,"Meet Bob Chapek, Disney’s new CEO and the Tim Cook to Iger’s Steve Jobs [deleted]",0,1582732518,television,Bob Chapek
post,frt0of,"Bob Iger to Forgo Disney Salary, CEO Bob Chapek Takes 50% Pay Cut, Top Execs to Take Pay Cuts Amid Virus Crisis ",80,1585582659,television,Bob Chapek
post,g0ccxb,Bob Iger has taken CEO responsibilities back from Bob Chapek at The Walt Disney Company ,1180,1586754161,television,Bob Chapek
post,2wwjk2,"Bob Chapek named new Chairman, Walt Disney Parks and Resorts ",7,1424720854,disney,Bob Chapek
post,2yphir,Bob Chapek to become new Head of Disney Parks and Resorts ,1,1426100319,disney,Bob Chapek
post,f9h943,Bob Chapek Named Chief Executive Officer of The Walt Disney Company ,366,1582664952,disney,Bob Chapek
post,f9hcy3,Bob Chapek new Disney CEO [deleted],1,1582665348,disney,Bob Chapek
post,f9hhoq,Bob Iger Steps Down as Disney CEO; Bob Chapek to Succeed ,1,1582665809,disney,Bob Chapek
post,f9i6tq,Bob Iger steps down as Disney CEO. Bob Chapek replaces him [deleted],1,1582668379,disney,Bob Chapek
post,f9l7o5,Bob Iger steps down as Disney CEO. Bob Chapek replaces him ,1,1582680667,disney,Bob Chapek
post,fh0bxz,Bob Chapek Says “Best Years Are Ahead Of Us” As Disney Re-Elects Board [deleted],1,1583945798,disney,Bob Chapek
post,fipqu1,Disney Discussions and Annual Meeting Bob Chapek [deleted],1,1584220771,disney,Bob Chapek
post,flri18,"No Bob Chapek, you were not supposed to be this greedy [removed]",1,1584692754,disney,Bob Chapek
post,fogajk,"With how the parks are being handled, in addition to CMs getting paid leave, I think Bob Chapek is showing promise as a decent CEO ",4,1585094670,disney,Bob Chapek
post,fs4o4g,"Disney exec Bob Iger, CEO Bob Chapek take salary cuts amid coronavirus ",1,1585621737,disney,Bob Chapek
post,gmo5ip,Disney CEO Bob Chapek says getting guests to wear masks could be a big issue for reopening Disneyland ,6,1589893421,disney,Bob Chapek
post,k8mrae,Bob Chapek Needs To Go [removed],1,1607367095,disney,Bob Chapek
post,37kzo1,"Any windows mobile users? I recently chose to dump my Android based phone for a Windows Mobile phone, but have quickly realized as a Disney enthusiast it will be harder than expected.

There's no My Disney Experience app on the Windows mobile phone, just the Disney Expedition app, which is a 3rd party app, and charges an extra $3 to let you view your reservations and Fastpasses.

Curious if anyone else here uses a Windows Phone, and if so how you balance out the lack of an app, do you use your spouses mobile device, or just live without it?

Edit:  Fun fact, apparently if you e-mail Bob Chapek from the e-mail you have associated with your MyDisneyExperience.com account, you will get a phone call.  Official word is ""Thanks for contacting us, we are looking into it, but know that it works in the browser too."" to which I mentioned it being clunky and such.  But yeah.  That was unexpected.",8,1432813905,WaltDisneyWorld,Bob Chapek
post,5dswzi,"WDW Tower of Terror Confirmed to Stay At the Destination D event, Bob Chapek just announced that Hollywood Studios would not be receiving the Guardians of the Galaxy overlay to the ToT that is currently happening at Disneyland.",148,1479569423,WaltDisneyWorld,Bob Chapek
post,5du9us,Epcot overhaul confirmed by Bob Chapek! ,63,1479586243,WaltDisneyWorld,Bob Chapek
post,5fdrat,"So It Begins: Bob Chapek (Parks & Resorts Chairman) Hints at ""Major Transformation"" for Epcot in Future [deleted]",0,1480362359,WaltDisneyWorld,Bob Chapek
post,5raajp,"RUMOR: Disney's Grand Floridian to be gutted. Per an article here [Grand Floridian to be Gutted](http://wdwnt.com/blog/2017/01/rumor-disneys-grand-floridian-resort-gutted-become-modern-luxury-resort/) it seems like Bob Chapek is considering gutting the Grand Floridian and overhauling the hotel to compete with luxury hotels like The Four Seasons on Property.

Seems like a hot button issue; what do you think?",56,1485890223,WaltDisneyWorld,Bob Chapek
post,8ac084,"Let's say its 2016 and Bob Chapek decides to update The Great Movie Ride rather than replace it. How would you approach the update? To aid in your theoretical update pitch here are a list of the scenes included in GMR:

* Footlight Parade (Warner Bros.)
* Singin' in the Rain (MGM)
* Mary Poppins (Disney)
* The Public Enemy (Warner Bros.)
* A Fistful of Dollars (United Artists)
* The Searchers (Warner Bros.)
* Alien (20th Century Fox)
* Raiders of the Lost Ark (Lucasfilm)
* Tarzan the Ape Man (MGM)
* Casablanca (Warner Bros.)
* Fantasia (Disney)
* The Wizard of Oz (MGM)

For the ease of discussion lets just say that we can assume Disney is successful in licensing whatever IP you're choosing. Have fun!",9,1523040168,WaltDisneyWorld,Bob Chapek
post,8enj9s,"When can we realistically expect a fifth park? Our ongoing 20 year drought. With the 20th anniversary of Animal Kingdom, I came across [this article on Motley Fool](https://www.fool.com/investing/2018/04/22/20-years-without-a-new-disney-world-park-is-enough.aspx) which discusses the fact that we are presently in the longest stretch of time that WDW has gone without opening a new park (previously 11 years from MK to Epcot opening, 7 years from Epcot to DHS, and 9 years from DHS to Animal Kingdom). In fact, if we additionally consider the Disneyland Resort in California, this is the longest stretch of time between any new US domestic parks opening (16 years from Disneyland's opening to Magic Kingdom's, 3 years from Animal Kingdom to California Adventure, and now 17 years since California Adventure first opened, being the newest of the domestic parks).

Attendance at the parks continues to grow year after year, and we are quickly approaching the tipping point of how much capacity can reasonably be accommodated by the current parks without having major negative effects on the overall guest experience, with some arguing we are already past that point. Several forthcoming additions to the parks like Star Wars land will increase the overall capacity of individual parks, but it also seems highly likely that the additional demand these will generate is going to far surpass the benefit of their additional capacity. Short of some massive price hikes across all sectors of the resorts (which seems like it would directly cause several aneurysms on some of the message boards out there, given how they react to even modest increases), there is likely not much of anything that Disney could do to reduce the growing demand for the parks.

Perhaps more interesting to note about all of this is that while we are in this current drought of new domestic parks opening, there has also been zero public acknowledgement or direct discussion by Disney about any new parks. Which even more than the gaps in the periods of park openings is the biggest open issue at the moment. The first public announcements of Disney World occurred in 1965, 10 years after the opening of Disneyland. The turmoil of the company and it's direction following Walt's death delayed most projects for several years, until the first announcements in 1978 of the revised plan for Epcot, 7 years after Magic Kingdom's opening. A mere 3 years after Epcot's opening was the unveiling of plans for Disney-MGM Studios in 1985. With the start of construction on that park, there was a continuous period of new domestic parks in publicly active development until DCA's opening in 2001, all part of Eisner's ""Disney Decade"" plan, which was actually more like 15 years of ongoing construction to open all of these parks.

Of course, after that period of expansion, a lot of cleanup was needed. Euro Disney and California Adventure in particular ended up having pretty disappointing initial versions, which then required many years and billions of dollars invested to really bring them up to par for the Disney experience. While I don't think Animal Kingdom's initial version was anywhere near as bad as those other two, it did have some early problems with guest opinion and attendance, and likewise was included for phased expansions in this period to make it a true world class experience that it deserves to be. The focus on fixing up those parks in the decade or so after they opened has in turn seemed to stall a number of improvements to other existing parks that were increasingly needed. Which brings us in to the current stage, where Magic Kingdom, Epcot, and DHS are finally getting major attention again for expansion and new concepts, with an eye on the 50th anniversary of the resort for all of these projects.

And that all comes back to the main question at hand. If a fifth park at WDW is coming, when could we actually expect it to open? Most of that question is going to depend on Bob Iger. Since becoming CEO, Iger has not opened any new domestic Disney parks. In fact, Shanghai is the only new Disney park worldwide that has opened during his tenure in the role (Hong Kong Disneyland opened just a couple of weeks before Eisner ended his term). This isn't to cast judgement on Iger's decisions here, as the investment in to the existing parks was desperately needed. But as we consider that Iger, at 67 years old currently, with his latest contract expiring in 2021 (incidentally just in time for the 50th anniversary additions at WDW), it seems increasingly likely that we will not see a new domestic park during his time as CEO. Acknowledging the possibility that his contract could get extended yet again, I still remain of the opinion that Iger will never place his focus on new parks, and we will have to wait until a new CEO comes in to see such expansion.

Let's consider the most optimistic path. There does seem to still be a power struggle internally as to who will replace Iger when he steps down, but for the purposes of figuring out the soonest we could get a fifth park, we will presume that Bob Chapek takes the role. Chapek is considered one of the front-runners for the position already, and as the current chairman of the parks division (whatever they're calling it now), he is likely to be the most involved and up to speed on decisions regarding the parks, making him at a cursory glance the most likely of the CEO contenders to push forward with resort expansions quickly after assuming the role.

If we presume that Chapek has a plan in mind for a new park presently, one that has been worked out with Imagineering already, we could optimistically see him announce a new park within a year of becoming CEO. Given Iger handing over the reins late in 2021, we will guess at an announcement in 2022. Animal Kingdom construction took 8 years, but that was kind of a unique scenario in taking as long as it did. DCA and Hong Kong Disneyland took about 3 years, and Shanghai took 5. As a fifth park, the scope of the initial opening probably does not need to be as large as any of those projects, but we also know that the short construction deadline for DCA was a big factor in many of its issues. Conservatively, I think 4-5 years for construction is reasonable, though I think targeting 3 years with a reduced scope is more likely. So my assumption for the most optimistic path: announcement in 2022, groundbreaking in 2023, and opening date in 2026. Eight years from now, nearly three decades after the opening of Animal Kingdom.

Again, that all presumes pretty optimistic outcomes here. Iger could extend his contract a couple more years, and somebody who isn't heavily involved in the parks division could become CEO and not have a plan for expansion, and approvals and construction could easily extend things a couple years each. I hope for the shortest path, but if I were placing a bet on it, I doubt I would put down money on a fifth park opening before 2030.

But I desperately plead for Disney executives to prove me wrong here and end the drought.",42,1524600641,WaltDisneyWorld,Bob Chapek
post,9x1on0,Epcot's Guardians of the Galaxy ride vehicles revealed by Bob Chapek at IAAPA 2018 ,2,1542213514,WaltDisneyWorld,Bob Chapek
post,al7ilw,"Congratulations! Bob Iger and Bob Chapek have just hired you to reimagine all those boring old original attractions with exciting new IP focused ones. What's your first project? Michael Eisner's dream of George of the Jungle Cruise is already underway but that boring old tiki room and carousel of progress are just some of the many low attendance attractions just waiting for some new IP blood to be pumped in? What Marvel hero or Star Wars character will you shove in, ride system be damned?",9,1548812565,WaltDisneyWorld,Bob Chapek
post,awz04f,"What would be your ideal fifth gate? With hype for Galaxy's Edge ramping up, I've been thinking about exciting Disney park openings, and I realized that it's been more than two decades since Animal Kingdom opened, which means two things: we have now experienced the longest period of time between park openings in WDW Resort's history, and I haven't been alive for the opening of a Disney park in the United States. With this in mind, if Bob Iger and Bob Chapek gave you an infinite budget to open a fifth gate at WDW, what would you do? I've been personally frustrated with all the reliance on established IP (specifically movies) in the parks (which makes me sound like an old man yelling at a cloud, I know) and I would love to see a new park similar to Tokyo DisneySea with the narrative theming of Pandora or Galaxy's Edge focused on an entirely original universe that could even have ties to other rides and lands in the parks - Skipper Canteen already vaguely establishes that the Tiki Room, Mystic Manor, and Jungle Cruise share a universe. I would theme the park around exploration and discovery, with references to members of SEA, lots of secrets and easter eggs, and lots of animatronic-heavy dark rides. What about you?",3,1551649533,WaltDisneyWorld,Bob Chapek
post,f9h9pw,BREAKING: CEO Bob Iger steps down as Disney CEO. Bob Chapek will take over as CEO. [removed],7,1582665012,WaltDisneyWorld,Bob Chapek
post,f9hcwj,Bob Chapek Named Chief Executive Officer of The Walt Disney Company [deleted],0,1582665345,WaltDisneyWorld,Bob Chapek
post,f9hinx,Disney Names Parks Chief Bob Chapek to Succeed Bob Iger as CEO ,35,1582665906,WaltDisneyWorld,Bob Chapek
post,f9hvfe,Bob Iger and Bob Chapek are doing a live Investor Conference Call. Listen here. [deleted],7,1582667209,WaltDisneyWorld,Bob Chapek
post,f9hyr3,Bob Iger steps down as Disney CEO. Bob Chapek replaces him [deleted],0,1582667547,WaltDisneyWorld,Bob Chapek
post,frtnyq,"Disney Execs take pay cut due to Covid-19 From an email from Bob Chapek

""– effective April 5, all VPs will have their salaries reduced by 20%, SVPs by 25%, and EVPs and above by 30%. I will be taking a 50% reduction in my salary. This temporary action will remain in effect until we foresee a substantive recovery in our business. Our executive chairman, Bob Iger, has chosen to forgo 100% of his salary.""",192,1585584750,WaltDisneyWorld,Bob Chapek
post,ft94w4,"Disney announces plans to revert Journey Into Imagination to its original form In a shocking turn of events, Bob Chapek has announced today,
“As soon as the devastating Coronavirus (COVID-19) pandemic starts to slow down we will immediately start construction on returning Journey Into Imagination tip it’s original form.”

In the 2000s, Journey of Imagination was put through an large overhaul, completely changing the ride. The Dream Finder was removed and his animatronics were sold to Stark Industries and used for parts. He was replaced by Dr. Nigel Channing, played by Danny DeVito. 

During his press conference, Disney CEO Bob Chapek stated, “Its about f**kin time! Why didn’t Iger ever do this?? The fans are going to love it!”

Like that’ll ever happen! April Fools guys! 😂",0,1585776723,WaltDisneyWorld,Bob Chapek
post,g0aer3,"Bob Iger Takes CEO Responsibilities Back from Chapek, Disney Company Downsizing Expected Once Dust Settles from Pandemic According to New York Times ",1,1586746399,WaltDisneyWorld,Bob Chapek
post,g0d61t,"Bob Iger Takes CEO Responsibilities Back from Chapek, Disney Company Downsizing Expected Once Dust Settles from Pandemic According to New York Times - WDW News Today [deleted]",1,1586757848,WaltDisneyWorld,Bob Chapek
post,gm9p3d,"New Leadership Team Announced at Disney Parks, Experiences and Products New Leadership Team Announced at Disney Parks, Experiences and Products 
Monday, May 18, 2020 08:32:00 PM (GMT)

•	Josh D’Amaro Named Chairman, Disney Parks, Experiences and Products 

•	Jeff Vahle Named President, Walt Disney World Resort 

•	Ken Potrock Named President, Disneyland Resort 

•	Kareem Daniel Named President, Consumer Products, Games and Publishing 

•	Thomas Mazloum Named President, Disney Signature Experiences 

Bob Chapek, Chief Executive Officer of The Walt Disney Company (NYSE: DIS), today announced a new Disney Parks, Experiences and Products leadership team that will be led by Josh D’Amaro, who has been named Chairman, Disney Parks, Experiences and Products. 

“I’m incredibly proud of the new leadership team at Parks, beginning with the segment’s Chairman, longtime Disney veteran Josh D’Amaro, and his newly announced team of Jeff Vahle, Ken Potrock, Kareem Daniel and Thomas Mazloum,” said Mr. Chapek. “These talented executives played pivotal roles while leading our exceptional cast members during the largest period of growth in the segment’s history, which included the expansion of our parks and resorts around the world, the addition of new attractions including two highly acclaimed Star Wars-themed lands, and a shift to more personalized experiences for guests. And I am confident that as they assume even greater responsibility and pursue new opportunities, these proven leaders will have an even bigger impact on the future of our company.” 

Mr. D’Amaro, who most recently served as President, Walt Disney World Resort, succeeds Mr. Chapek as Chairman, Parks, Experiences and Products. In his new role, Mr. D’Amaro will oversee Disney’s iconic travel and leisure businesses, which include six theme park-resort destinations in the United States, Europe and Asia; a top-rated cruise line; a popular vacation ownership program; and an award-winning guided family adventure business; and Disney’s global consumer products operations, which include the world’s leading licensing business across toys, apparel, home goods, digital games and apps; the world’s largest children’s print publisher; Disney store locations around the world; and the shopDisney e-commerce platform. 

“I want to thank Bob for giving me this opportunity, and I look forward to following his record of driving innovation, value and growth at Parks,” Mr. D’Amaro said. “I am honored to be able to lead this newly announced team of exceptional senior leaders as we assume our new roles and continue to deliver unforgettable experiences for our guests. Even during this challenging time, the enthusiasm of our dedicated cast members for what we do is unwavering, and my goal is to bring them back to work as soon as possible so they can continue to create that magic.” 

Before being named President of Walt Disney World Resort in 2019, Mr. D’Amaro was President of the Disneyland Resort. Mr. D’Amaro joined Disney in 1998 at the Disneyland Resort and held a number of leadership positions across the company. He served as Senior Vice President of Commercial Strategy for Walt Disney World Resort and also led the sites’ Resorts & Transportation Operations. He served as Vice President of Disney’s Animal Kingdom Theme Park as it underwent the largest expansion in its history. His other roles included Adventures by Disney; Sales and Travel Operations at Hong Kong Disneyland Resort; Finance for the Global Licensing division of Disney Consumer Products; and Business Planning and Strategy Development for the Disneyland Resort. 

Mr. D’Amaro earned his bachelor’s degree in business administration from Georgetown University. 

In conjunction with Mr. D’Amaro being named Chairman, the following key appointments have been made to the Disney Parks, Experiences and Products executive leadership team: 

•	Jeff Vahle, formerly President, Disney Signature Experiences, has been named President, Walt Disney World Resort. 

•	Ken Potrock, who had served as President, Consumer Products, becomes President, Disneyland Resort. 

•	Kareem Daniel, formerly President, Walt Disney Imagineering Operations/Product Creation/Publishing/Games, has been named President, Consumer Products, Games and Publishing. 

•	Thomas Mazloum, who was Senior Vice President of Resort and Transportation Operations at Walt Disney World Resort, becomes President, Disney Signature Experiences. 

Continuing in roles as part of the executive leadership team for Disney Parks, Experiences and Products are: 

•	Michael Colglazier, President & Managing Director, Disney Parks International 

•	Jill Estorino, Executive Vice President, Marketing and Sales 

•	Margaret Giacolone, Chief Counsel 

•	Tami Garcia, Senior Vice President, Human Resources and Diversity and Inclusion 

•	Alannah Hall-Smith, Senior Vice President, Communications and Public Affairs 

•	George Kalogridis, President, Segment Development and Enrichment 

•	Kevin Lansberry, Executive Vice President and Chief Financial Officer 

•	Tilak Mandadi, Executive Vice President, Digital and Chief Technology Officer 

•	Bob Weis, President, Walt Disney Imagineering 

Jeff Vahle, President, Walt Disney World Resort 

Succeeding Mr. D’Amaro as President, Walt Disney World Resort is Jeff Vahle, a 30-year cast member who most recently served as President, Disney Signature Experiences. In his new role, Mr. Vahle leads a team of talented Cast Members —America’s largest single-site workforce—and will be responsible for all facets of business for the resort, including its four theme parks (Magic Kingdom, Animal Kingdom, Epcot and Disney Hollywood Studios) two water parks, 28 resort hotels, four golf courses, ESPN Wide World of Sports Complex, and the Disney Springs entertainment-shopping-dining complex. 

“With Walt Disney World approaching its 50th anniversary, there could not be a more gratifying time to be selected for this role and to work with the incredible team responsible for creating magical memories for millions of guests each year,” said Mr. Vahle. “I plan to continue to build on the momentum from Josh’s tenure, bringing even more innovative entertainment and experiences to our guests.” 

Mr. Vahle will continue to oversee Facilities & Operations Services for Disney theme parks worldwide, responsible for engineering, maintenance, construction, utilities, manufacturing, sourcing and procurement, safety and health, and asset management programs at the Disney resorts around the world. 

In his previous role, Mr. Vahle led several key growth businesses for the Disney Parks, Experiences and Products segment and inspired teams around the world to deliver the Company’s unrivaled brand of family vacations. He oversaw Disney Cruise Line, Disney Vacation Club, Adventures by Disney, Golden Oak, and Aulani, a Disney Resort & Spa (collectively called Disney Signature Experiences). 

Mr. Vahle began his Disney career in 1990 and is a respected senior executive who is committed to driving creativity and innovation, exceeding guest expectations and delivering long-term business growth. During his career with the Company, he has held a series of high-profile leadership roles in operations, engineering, technology and global support services. 

At Disney Cruise Line, Mr. Vahle also oversaw the much-anticipated expansion of Disney’s cruise fleet, with the planned delivery of three new ships, all of them showcasing the immersive family entertainment, enchanting storytelling and unparalleled service for which Disney is well known. 

In addition to his duties with these high-growth vacation businesses, Mr. Vahle is actively involved in the Central Florida community, currently serving as chairman of the board of directors for Give Kids the World and as a member of the Rollins College Board of Trustees. 

Mr. Vahle earned a bachelor’s degree in mechanical engineering from Auburn University and a master’s degree in business administration from Rollins College. 

Ken Potrock, President, Disneyland Resort 

Ken Potrock, formerly President, Consumer Products and with nearly 25 years at the Company takes the helm at the Disneyland Resort, as President, Disneyland Resort, overseeing two theme parks (Disneyland and Disney California Adventure), three resort hotels and a 20-acre entertainment, retail and shopping district. Mr. Potrock succeeds Rebecca Campbell, who was named Chairman, Direct-to-Consumer and International, for The Walt Disney Company (see press release from The Walt Disney Company for more information). 

“I’m grateful for the opportunity to join the remarkable team at Walt Disney’s original park,” said Mr. Potrock. “This Resort holds a special place in the hearts of our Guests around the world – a responsibility that we all take very seriously, and we will continue to build on that foundation by delivering unforgettable experiences, while creating memories that last a lifetime.” 

Mr. Potrock joins the Disneyland Resort after more than two decades of leadership experience at Disney Parks. 

Throughout his career, he has consistently challenged the status quo – enabling a holistic entrepreneurial culture that ensures the unparalleled “Disney Difference” is delivered each day to Guests, consumers and fans. 
Mr. Potrock is also well-known for developing, invigorating and transforming numerous Disney properties and businesses to deliver consistent and dynamic growth. Previously he served as the Senior Vice President and General Manager of Disney Vacation Club, the Company’s innovative and fast-growing vacation ownership program, as well as Adventures by Disney, the Company's award-winning guided group travel business. 
In 2015, Mr. Potrock led the dramatic expansion and reimagining of Disney Springs, Walt Disney World's iconic retail, dining and entertainment district. He was Senior Vice President of Disney Sports Enterprises, where he led the transformative rebranding of the ESPN Wide World of Sports Complex in Florida. Mr. Potrock began his Disney career in 1996 as Vice President, Marketing for Disney Cruise Line, where he helped define and launch the Company’s bold entry into the cruise industry. 

Mr. Potrock earned his undergraduate degree in marketing from Washington University in St. Louis and his MBA from the Kellogg School of Management at Northwestern University. 

Kareem Daniel, President, Consumer Products, Games and Publishing 

Kareem Daniel, formerly President, Walt Disney Imagineering Business Operations, Product Creation, Publishing and Games, will take on the role of President, Consumer Products, Games and Publishing, leading the division responsible for extending the Disney brand through at-home experiences in products, publishing and games. 
“Uniting the businesses responsible for bringing the magic of Disney into the daily lives of families and fans around the world will allow us to seamlessly extend the stories and characters consumers love across different platforms,” said Mr. Daniel. “I look forward to working with this team to bring Disney franchises to audiences around the world in new and innovative ways.” 

Most recently, Mr. Daniel oversaw global design and delivery of all parks, attractions, resort hotels, and cruise ships, managing world-class talent to provide immersive guest experiences with operational excellence. He also led the product development of merchandise including toys, fashion apparel and accessories, home goods, consumables, and health and beauty categories; the creation of video games and interactive products and experiences; and Disney Publishing Worldwide, the world’s largest publisher of children’s books and magazines. 

Previously, Mr. Daniel served as Senior Vice President of Strategy and Business Development for Disney Consumer Products and Interactive Media, where he spearheaded key strategic initiatives to drive long-term growth across the division’s retail, licensing, publishing, video games, and digital businesses. 
Mr. Daniel also oversaw distribution strategy at Walt Disney Studios, helping to maximize the value of studio content by evaluating traditional business models and emerging digital innovations. Prior to that he was a Director of Corporate Strategy, where he worked on a variety of strategic projects and mergers and acquisitions across The Walt Disney Company. 

Mr. Daniel first joined Disney as an MBA intern and later became a senior business planner in Corporate Financial Planning and Analysis. After that, he worked in equity research as well as investment banking at Goldman Sachs, where he specialized in technology, media and entertainment, and telecommunications before returning to Disney. 
Mr. Daniel holds a Bachelor of Science degree in Electrical Engineering and an MBA, both from Stanford University. 

Thomas Mazloum, President, Disney Signature Experiences 

Thomas Mazloum, formerly Senior Vice President of Resort and Transportation Operations at Walt Disney World Resort, becomes President, Disney Signature Experiences, which includes Disney Cruise Line, Disney Vacation Club and Adventures by Disney. 

“I am thrilled to continue my Disney career by joining the businesses renowned for providing personalized and uniquely Disney experiences and delivering world-class guest service,” said Mr. Mazloum. “I cannot wait to bring even more magic to guests on the seas and at our remarkable destinations around the world.” 

A veteran of Walt Disney Parks and Resorts, Mr. Mazloum previously oversaw 28 resort hotels as well as transportation operations that rival mid-sized American cities, at the world’s premier vacation destination, Walt Disney World Resort. 

Mr. Mazloum began his Disney career in 1998 as a hotel director for Disney Cruise Line. He was instrumental in launching the Disney Wonder, the second ship in the Disney Cruise Line fleet, while directing a cast and crew of nearly 700 individuals, representing 52 countries around the world. He then went on to serve as the general manager of Food & Beverage & Special Events at Epcot, where he supervised the park’s diverse restaurant operations and pursued collaborative business opportunities. 

Before returning to Disney in 2017, Mr. Mazloum served as the Chief Operating Officer of Crystal Cruise Line. 

Born in Austria, Mr. Mazloum received his degree in hotel management and administration in Innsbruck. A life-long learner, Mr. Mazloum has also received several business certifications from such institutions as Cornell University, the Hotel School of Lausanne and the Hotel School of Salzburg.",25,1589834369,WaltDisneyWorld,Bob Chapek
post,ja3i8m,Capacity is and will remain at 25% according to Bob Chapek ,0,1602550946,WaltDisneyWorld,Bob Chapek
post,jmq10s,"Why Disney Needs to Fix the Imagination Pavilion? I was just appalled that Disney never has bothered to fix the Imagination pavilion. And with COVID tossing out most of Epcot's overhaul budget, we are probably stuck with Nigel Channing and annoying Figment (which is character is just abhorred and rock-bottom for 18 years). It is outdated and stuck with Michael Eisner era dated tackiness.

Now I am seeing the attraction itself malfunctioning to the point where the sound in one of the scenes is not playing. The animatronics have gotten stiff.

I blame the executives and higher ups at Disney and Imagineering who have failed to take notice how awful the pavilion has gotten. ImageWorks is also outdated. The Magic Eye Theatre just plays Disney/Pixar shorts, which is nothing imaginative.

If this ride does not close after the 2020s decade is over, this shows how Disney is incompetent with how they handle their theme parks lately.

We understand that Disney is running things on a shoestring budget until the economy recovers and with employees getting laid off and running under limited capacity, it is hard for Disney Parks and Imagineering to get back on their feet, even more until a vaccine arrives and masks are mandatory until Spring/Summer of next year. 

But it bugs me that Disney is willing to keep the Imagination pavilion dated in its 2002 form until the ride system breaks down and keeps running to the point it is unsafe by OSHA standards. If Disney updates all of Epcot and not the Imagination pavilion (even The Seas pavilion's Nemo book-report ride), this just shows that Disney doesn't care about updating the pavilion and Bob Chapek has failed to address it at the 2019 D23 Expo.

Josh D'Amaro, Zach Riddley, and the other Parks and Imagineering executives, now is the time. If you are gonna re-evaluate Epcot's overhaul plans. And when Guardians, Play, and Ratatouille are finished and pulls crowds away from Imagination pavilion, maybe its time to fix/reimagine the Imagination pavilion and also fix Figment's character (his charm has been missing since Dreamfinder's presence).",0,1604332568,WaltDisneyWorld,Bob Chapek
post,f9l76c,Bob Iger steps down as Disney CEO. Bob Chapek replaces him ,2,1582680604,DisneyPlus,Bob Chapek
post,fb7ixq,With Bob Chapek as the new CEO of Disney and their statement on his involvement with the notorious Disney Vault do you worry that the Disney Vault will make a return despite Disney+ and Hulu being used to have most of the Disney and Fox owned content? Why or why not?,2,1582951759,DisneyPlus,Bob Chapek
post,ghx0mt,Disney CEO Bob Chapek has said that Mandalorian Season 2 will still keep it's October release date ,939,1589232984,DisneyPlus,Bob Chapek
post,i3semu,"Disney+ Release Date for Latin America For those who have been wanting to know this, myself included, Disney+ will release in Latin America in November. This was announced by Bob Chapek in today’s Q3 FY20 Earnings Results Webcast. 

In my opinion, it still kinda sucks that we’ll still have to wait some time to have it here, but at least the month is settled and people will stop asking about this.",1,1596577079,DisneyPlus,Bob Chapek
post,2wwrhg,Second Shoe Drops - Disney Taps Bob Chapek To Run Parks And Resorts ,1,1424724130,entertainment,Bob Chapek
post,f9hcxt,Bob Chapek Named Chief Executive Officer of The Walt Disney Company Replacing Bob Iger ,1,1582665348,entertainment,Bob Chapek
post,f9hkbi,Bob Iger Steps Down as Disney CEO; Bob Chapek to Succeed ,16,1582666064,entertainment,Bob Chapek
post,f9jn6p,Disney’s New CEO: Bob Chapek to Succeed Bob Iger ,1,1582673987,entertainment,Bob Chapek
post,fh8mlo,Here's what Disney CEO Bob Chapek told a woman who said the company promotes 'LGBT ideology' ,1,1583977653,entertainment,Bob Chapek
post,frt0k5,"Bob Iger to Forgo Disney Salary, CEO Bob Chapek Takes 50% Pay Cut, Top Execs to Take Pay Cuts Amid Virus Crisis ",24,1585582647,entertainment,Bob Chapek
post,g59q54,Bob Chapek to replace Bob Iger as Disney CEO! ,1,1587448690,entertainment,Bob Chapek
post,95aov2,"Lots of talk about GOTG3... What about the effect on GOTG: The Ride at EPCOT? They might be able to replace James Gunn for GOTG3, soft reboot the franchise, whatever. But concrete is poured and steel is up for that roller coaster at Epcot. People are going to want to ride the attraction featuring the main characters, which is the way the story is crafted at this time - and James Gunn was supposed to shoot the on-ride footage concurrently with GOTG3. Let's put the fanboy hat down for a moment and try on a Disney suit's necktie: What kind of sweat is pouring out of the brows of these straights knowing that their multi-million dollar theme park project, based on an newly established and successful IP, which is also tied to a re-tooling and invention of one of their most important money-printing machines, is going to have to be retooled at additional expense as a result of a decision made by the head of another subsidiary in the company?! What kind of monkey wrench did Alan Horn throw into Disney Parks & Resorts works?!? There has got to be a s\*\*tshow going on behind the scenes at Disney right now that extends FAR BEYOND just replacing Gunn for the next Guardians film. Bob Chapek must be PISSED. And NOW, if Bautista wants out of his contract, that means he'd be unavailable or replaced for the GOTG EPCOT ride. If the line up is rebooted for GOTG3, the ride story would have to be re-tooled, you'd have to hope that people would already be invested in the characters presented on the ride, which puts MORE pressure on a successful GOTG3!! This is just what I've dumped off the top of my head but I see this as being SO much bigger an issue for Disney than I've seen anyone touch upon yet.",4,1533640267,marvelstudios,Bob Chapek
post,f9hl43,Bob Iger steps down as Disney CEO. Bob Chapek replaces him ,3,1582666147,marvelstudios,Bob Chapek
post,f9hn7z,Bob Iger steps down as Disney CEO. Bob Chapek replaces him - CNN Business ,1,1582666362,marvelstudios,Bob Chapek
post,f9i9rv,For anyone concerned that Bob Chapek is going to mess with Marvel now that he's CEO: his son literally works for Kevin Feige ,130,1582668677,marvelstudios,Bob Chapek
post,f9iuys,Is Bob Chapek positive or negative for the MCU? [removed],1,1582670926,marvelstudios,Bob Chapek
post,g0c9dc,Bob Iger has taken CEO responsibilities back from Bob Chapek at The Walt Disney Company ,106,1586753739,marvelstudios,Bob Chapek
post,i3wivs,"Black Widow: Despite Mulan Shift, No Plans to Release Marvel Film on Disney+. Although Disney doesn't have plans to release Black Widow on its streaming service, Chief Executive Officer Bob Chapek wouldn't rule it out, either. [deleted]",1,1596592307,marvelstudios,Bob Chapek
post,8q727m,"How Disney's failure to buy ""Harry Potter"" - and their rivalry with Universal Studios - shaped the modern ""Star Wars"" franchise **tl;dnr:** Disney's failure to buy the rights to *Harry Potter* from J.K. Rowling, and subsequently, their rivalry with Warner Bros. / Universal Studios - particularly in the theme park industry - led to what the *Star Wars* franchise is today.

---------------------

**VERY LONG POST INCOMING.**

-----------------

To start off with, I've been monitoring the *Harry Potter* franchise for several years now, exploring (and helping to eliminate) gaps in the lore. 

Since the release of *The Force Awakens* / *The Last Jedi*, I've also been delving into the lore of *Star Wars* - particularly, the new canon, the ST, and how, and why, changes were made to the franchise as a whole. 

I wouldn't call myself an ""insider""...but I thought it prudent to share things that I feel that the *Star Wars* fanbase should be aware of. 

Likewise, based on earlier work of mine, as of today, I realized how - and why - Disney's purchase of Lucasfilm / *Star Wars* resulted in them completely scrapping the Legends EU as ""canon"". It's because Disney wanted to ""Potter-ify"" (i.e. add aspects of ""Harry Potter"" to) *Star Wars*.

Why? Because Disney bought Lucasfilm / *Star Wars* in the first place to directly compete with *Harry Potter*...particularly in the theme park department. Galaxy's Edge, for example, was devised in order to directly compete with Universal's Wizarding World of Harry Potter.

Back in February 2015 - 3 years ago, and several months before the release of *The Force Awakens* in November 2015 - I stumbled across a *very* enlightening article in the printed version of *Florida Trend* magazine by one Jason Garcia. As I was unable to access the magazine online, I hand-typed the article to share on r/HarryPotter.

Due to Reddit's word count limit, I'll link the full context / article [here](https://www.reddit.com/r/harrypotter/comments/2zd830/theme_park_wizards_how_harry_potter_is_changing/?utm_term=d01690f7-2857-4a2a-ba32-75d674144b1f&utm_medium=search&utm_source=reddit&utm_name=harrypotter&utm_content=1).

Obviously, Disney had a *serious* ""problem"" with Universal's acquisition of *Harry Potter* to begin with. They needed a new franchise to compete with *Potter*, and the threat it posed to Disney's market share dominance...

....and, thus, they acquired the rights to *Star Wars* instead.

It was no secret that Disney had been trying to acquire the rights to *Harry Potter*, beginning around 1998, and long before they eyed *Star Wars*. Initially, Disney even tapped **Steven Spielberg**, a longtime friend and co-worker of then-*Star Wars* and Lucasfilm CEO **George Lucas**, as their suggested / intended director's pick in their bid for the rights to the *Harry Potter* films.

There are many sources that detail how - and why - Disney's bid for the movie and theme park rights to *Harry Potter* fell through. Long story short, Disney was unable to comply with the wishes and demands of *Harry Potter* author and creator **J.K. Rowling**, leading Rowling to sell the rights to *Harry Potter* to Warner Bros. instead.  

That being said...Warner Bros. beat out Disney, and ultimately, made the *Harry Potter* films, turning it into a franchise massively popular enough with the general public to rival George Lucas's *Star Wars*. 

Even in spite of this, Disney *still* tried, over the next several years, to ""buy out"" the theme park rights to *Harry Potter*, ending with [yet another failure in 2016, when NBC Universal beat out Disney (yet again) to obtain the rights from Comcast](http://fortune.com/2016/08/08/nbcuniversal-harry-potter-snapchat/).

After Disney's *second* failure in their bid to ""buy out"" *Harry Potter*, instead, they focused their attentions elsewhere. In 2012, [Disney bought Lucasfilm (including ""Star Wars"") for $4 billion](https://www.usatoday.com/story/money/business/2012/10/30/disney-star-wars-lucasfilm/1669739/); around that same time, Disney also was in talks with James Cameron, buying the theme park rights to Cameron's *Avatar* film [franchise].

From the 2017 article [""Disney’s Intergalactic Theme Park Quest to Beat 'Harry Potter'""](https://www.bloomberg.com/news/features/2017-04-19/disney-s-intergalactic-theme-park-quest-to-beat-harry-potter):

> **The [theme] parks are an increasingly important part of Disney’s business. Television watchers have been canceling their cable subscriptions, imperiling revenue from ESPN, ABC, Disney Channel, and other properties, which generate the bulk of the company’s profit. Stan Meyers, an analyst at Piper Jaffray Cos. who covers Disney, predicts that by 2020, as its TV profit falters, operating income from the parks will climb by 64 percent, to $5.4 billion. For that to take place, [Disney theme park] attractions such as Pandora [and Galaxy's Edge] have to truly enchant visitors.**

> **Disney’s theme park dominance went largely unchallenged for a half-century (30-50 years)...[until Harry Potter].** Competing entertainment conglomerates Time Warner Inc. and Viacom Inc. tried opening parks of their own only to exit the business. 

> **Then, in 2010, Universal opened the Wizarding World of Harry Potter at its Islands of Adventure park in Orlando.** The attraction, based on J.K. Rowling’s enduringly popular novels and the movies they inspired, gives visitors the opportunity to wander the streets of Hogsmeade, drink butterbeer, and soar through simulated skies behind a broomstick-riding Harry. **The Wizarding World increased attendance at the park by 66% in its first full year**, and led to a second Potter attraction, which opened four years later at the adjacent Universal Studios Florida, to crowds willing to wait seven hours for a ride. 

> **If that wasn’t confounding enough for Disney, which had competed with Universal to build a Potter-based land on its turf, the creative team that designed the original Potter attraction for Universal was led by a former Imagineer who learned the trade from Disney luminaries, such as Rohde.**

> **The Wizarding World [theme parks] set a new standard for theme park inventiveness, and put Universal’s Orlando attractions in a position to overtake Animal Kingdom and Disney’s Hollywood Studios, the weakest performers among Disney World’s four parks. “Things have really reversed: Disney used to lead. Now Disney’s following Universal,” says Gary Goddard, a theme park designer in North Hollywood who’s worked for both companies. But, he adds, “in doing so, they’re going to try to top it.”**

> **The theme park industry views Pandora [and Galaxy's Edge] as Disney’s response to the Wizarding World, and the company’s attempt to reassert itself as the industry’s leader.** Nobody doubts Disney’s prowess. The bigger question is whether it has chosen the proper vehicle in Pandora. *Avatar* remains the highest-grossing movie of all time, with box office receipts of $2.8 billion; **however, ""Avatar"" hasn’t grown into a Potter-order super franchise with millions of ardent fans**. 

> Disney's Chapek declines to mention Universal by name, let alone concede that he might be feeling any competitive heat. He does say it’s nice that his company’s closest rival has discovered the virtues of theme park world construction, but that Disney created this business, and will continue to define it with its forthcoming attractions.

> **“[Disney] will set a new bar,” Chapek vows. And he isn’t just talking about ""Avatar"". He’s referring to another new attraction, scheduled to open two years from now in Anaheim and Orlando. This one is based on a fictitious universe as big and lucrative as Harry Potter’s: Star Wars.**

> [...] The lackluster performance of the newer [Disney] parks, such as Disney's California Adventure, coincided with bigger problems at Disney. The animation division, which had fueled a resurgence at the company with hits like *The Little Mermaid* and *Aladdin*, sputtered; the company’s stock price plunged; and, in 2005, Eisner resigned. 

> His replacement, Robert Iger, championed a plan to build the company’s first theme park in China. Even as a global recession dawned, he wanted to keep investing in the U.S. parks, strengthening the underperformers with new worlds. 

> **In the mid-aughts, Disney and Universal competed for the theme park rights to Harry Potter, which Warner Bros. Entertainment Inc. controlled. However, the studio and J.K. Rowling insisted on the right to approve much of the final product, and Disney decided not to bid. In a 2012 interview with Bloomberg Businessweek, Iger said the company’s parks division “didn’t like the terms.” So Universal got Potter and ended up, as some in the park business have observed, out Disney-ing Disney.**

> [...] **Disney executives took notice of their competitor’s triumph**, but those interviewed for this story say they were hardly rattled. For one, the Imagineers were well on their way to completing Cars Land, based on the films by Pixar Animation Studios, at Disney California Adventure Park, which would boost attendance there.

> [...] With its spectacular setting and illuminated drinks, Pandora is likely to increase attendance at the Animal Kingdom, especially at night when the park can be fairly empty. **But whether it can help Disney fend off Universal is another matter.**

> **Much has changed since the 2011 deal with [James] Cameron. The director still has four sequels planned, but he has yet to release any of them.** Earlier this year in an interview with the Toronto Star, he dispelled talk that he would release the first sequel next year. His plan, he said, was to make all four at once—an “epic undertaking” that would consume the next eight years of his life. 

> **In the meantime, the ""Avatar"" deal may not be the juggernaut Disney once hoped it could be. For that, the company may need ""Star Wars"".**

The article above also goes into further detail about how **J.K. Rowling** - **the author of ""Harry Potter"", of all people** - was the one to fight, and rather ferociously, for ""more detailed"" features in ""the Wizarding World of Harry Potter"" theme parks, leading to Disney to directly adopt Rowling's approach for Galaxy's Edge and *Star Wars*.

Now, we'll get to another major turn: **how, and why, Disney scrapped the ""Legends"" EU**.

For one, Disney didn't actually nuke - or, rather, discontinue - the Legends EU [until 2014](https://www.dailydot.com/parsec/star-wars-expanded-universe-not-canon/), roughly 2 years *after* they bought Lucasfilm. 

However, **Disney's nuking of the Legends EU did coincide directly with something else: [the opening of ""the Wizarding World of Harry Potter: Diagon Alley"" theme park expansion at Universal Orlando](https://variety.com/2014/biz/news/diagon-alley-opening-july-8-at-universal-studios-florida-1201222806/)**. 

Lisewise, **Disney's decision to scrap the Legends EU also directly coincided with Lawrence Kasdan and J.J. Abrams writing the script for ""The Force Awakens""**. According to sources, Disney was also pressing and demanding the two for results *fast*: the first draft was completed in only 6 weeks' (2 months') time.

In the process, likely due to Disney's demands, Kasdan and Abrams' script also shut out the Legends EU: (Legends was scrapped, and TFA script fully completed, in the same month)

> **In January 2014, Abrams confirmed that ""The Force Awakens"" script was complete.**

> **In April 2014, Lucasfilm clarified that Episodes VII–IX would not feature storylines from the ""Star Wars"" expanded universe (EU)**, though other elements could be included as with the TV series *Star Wars Rebels*. (Wikipedia)

Disney also decided to scrap the old *Star Wars* canon only a few months (January 2014) before the *Harry Potter* expansion Diagon Alley's grand opening (July 2014). 

Only a month after the final draft of the TFA script was completed, Daisy Ridley was cast as Rey, and Adam Driver as Ben Solo / Kylo Ren (February 2014).

The other reason? **This, too, is linked to how, and why, Disney lost their bid for ""Harry Potter"" to begin with: Disney's desire for full creative control over the franchises they buy**.

Case in point, because Disney was completely unwilling to work with *Harry Potter* author **J.K. Rowling** on what *she* envisioned for her own work (and Rowling even fought *Universal* tooth-and-nail to get what *she* wanted for the *Harry Potter* theme parks), Disney instead decided to go with a ""considerably less obstinate creator"" who was willing to sell off his creative rights: **George Lucas**.

> As creative consultant on the film, [after Disney bought Lucasfilm], Lucas attended early story meetings and advised on the details of the *Star Wars* universe.

> Among the materials he turned over to the production team were his rough story treatments for Episodes VII–IX, which Lucas requested would only be read by Kennedy, Bob Iger, Alan Horn, and Kevin Mayer. **Lucas later stated that Disney had discarded his story ideas, and that he had no further involvement with the film.**

> **Lucas' son Jett told ""The Guardian"" that his father was ""very torn"" about having sold the rights to the franchise [due to this]**, despite having picked Abrams to direct, and that his father was ""there to guide"" but that ""he wants to let it go and become its new generation"".

> [...] **In November 2015, George Lucas recorded an hour-long interview with CBS News reporter Charlie Rose, in which he said Disney had not been ""keen"" to involve him and conceded: ""If I get in there, I'm just going to 'cause trouble', because they're not going to do what I want them to do, and I don't have the control to do that any more, and all it would do is just muck everything up.""**

> He also stated: ""They wanted to do a retro movie. I don't like that. Every movie, I worked very hard to make them different...I made them completely different—different planets, different spaceships to make it new."" (Wikipedia)

To add further evidence to the pile, **Steven Spielberg, who was Disney's original director they offered in their bid for the film and theme park rights to ""Harry Potter""**, was also largely involved in the (re)development, expansion, and future direction, of the *Star Wars* franchise after Disney's Lucasfilm buyout:

> *The Force Awakens*'s first screenplay was written by Michael Arndt...Several directors were considered, including David Fincher, **Brad Bird (director of ""Tomorrowland"" and ""The Incredibles"" / ""The Incredibles 2"")**, Ben Affleck, and **Guillermo del Toro (who had also been originally shortlisted by Warner Bros. to potentially direct ""Harry Potter"")**; **after a suggestion by Steven Spielberg to Kathleen Kennedy, J. J. Abrams was named director in January 2013, with Lawrence Kasdan and Simon Kinberg as project consultants**. (Wikipedia)

Furthermore, **Disney's official announcement of pre-production on ""The Force Awakens"" even directly coincided with the announcement of ""the Wizarding World of Harry Potter: Diagon Alley"" theme park expansion**.

According to Wikipedia:

> Further details about the expansion of ""the Wizarding World of Harry Potter"" were announced on **May 8, 2013**. Officials confirmed that the expansion would be set predominantly in the adjacent Universal Studios Florida theme park, and would feature attractions themed after Diagon Alley and London.

> [...] In **May 2013**, it was confirmed [by Disney and Lucasfilm] that *The Force Awakens* would be filmed in the United Kingdom. Representatives from Lucasfilm met with Chancellor of the Exchequer George Osborne to agree to produce The Force Awakens in the UK. Osborne committed £25 million of public money towards the film, claiming it was a boost for British culture and the film industry. 

> According to production company account filings in the United Kingdom, *The Force Awakens* ultimately received a total of £31.6 million ($47.4 million) from the government.

In direct response to TFA beginning heavier production around September 2013, Universal / Warner Bros. struck back, announcing a further addition to the *Harry Potter* EU: **""Fantastic Beasts and Where to Find Them""**. 

Universal / Warner Bros., seeking to match Disney with *Star Wars*, also brought out the ""big guns""...including none other than *Harry Potter* author herself **J.K. Rowling**.

> Casting for *The Force Awakens* began around **August 2013**, with J.J. Abrams meeting with potential actors for script readings and screen tests...

> [...] First announced in **September 2013**, *Fantastic Beasts and Where to Find Them* marked J.K. Rowling's debut as a screenwriter. The film sees the return of producer David Heyman, as well as writer Steve Kloves, both veterans of the Potter film franchise. 

> [Alfonso Cuaron, who directed *Harry Potter and the Prisoner of Azkaban*, declined to return, resulting in hiring *Harry Potter* multi-film veteran David Yates as director.] (Wikipedia)

Disney parried back with the announcement of ""Galaxy's Edge"", a *Star Wars* theme park to rival ""the Wizarding World of Harry Potter"", in 2015:

> *Star Wars*: Galaxy's Edge was first publicly announced by The Walt Disney Company Chairman and CEO Bob Iger at the D23 Expo on **August 15, 2015**, though it did not have an official name at the time.

>  According to Iger, it will be ""occupied by many inhabitants; humanoids, aliens and droids … the attractions, the entertainment, everything we create will be part of our storytelling. Nothing will be out of character or stray from the mythology.""

> Bob Chapek, chairman of Walt Disney Parks, Experiences and Consumer Products, stated that the land ""will introduce you to a Star Wars planet you’ve never seen before — a gateway planet located on the outer rim, full of places and characters familiar and not so familiar."" (Wikipedia)

To add Disney further ""thumbing its nose"" at Universal and *Harry Potter*, Trowbridge even directly *references* directly copying **J.K. Rowling**'s implementations for ""the Wizarding World of Harry Potter"" for ""Galaxy's Edge"":

> In an interview for the winter 2015 issue of the official Disney fan club publication *Disney twenty-three (D23)*, Trowbridge stated: ""**[O]ur intent is to make it feel as if you just walked into one of the movies**... Bringing Star Wars to life in the physical world gives us the opportunity to play with a whole bunch of things we've never done before... to really engage all of the senses. **What does that street feel like? What does that animal smell like? What does blue milk taste like?**"" (Wikipedia)

Trowbridge, of course, is referencing Universal having to literally *invent* ""what a Butterbeer from *Harry Potter* tasted like"" to comply with **J.K. Rowling**'s demands ""to make the Wizarding World of Harry Potter 'as authentic as possible to the films'"". (Universal originally had a deal with the Coca-Cola company to serve Coke in the park, which Rowling flat-out rejected.)

--------------

**So, what does all of this mean for ""Star Wars""?**

Well, a few things, to be honest, but to sum it up:

- *Harry Potter* author **J.K. Rowling** is literally (in)directly - and, in some cases, directly - responsible for *Star Wars* being what it is today, as well as the existence of Star Wars Celebration (directly based on Universal's ""Celebration of Harry Potter"" event) and ""Galaxy's Edge"" (directly modeled after Rowling's demands for ""the Wizarding World of Harry Potter"", and Rowling's version of / approach to a theme park)

- I'm about 99% certain that Disney scrapped the Legends EU in order to ""make *Star Wars* lore more like *Harry Potter* lore"" in some regards, such as wanting to introduce a new, ""everyman"" character (i.e. Rey), [like Harry Potter, who is himself an ""everyman"" character](https://wherethedogstarrages.wordpress.com/2015/07/31/harry-potter-the-everyman-hero/) (Rey being deliberately written as an ""everyman"" character was also directly confirmed by one of the *Star Wars* official ""new canon *Star Wars* EU"" writers, **Chuck Wendig**, on his official Twitter on April 5, 2018 - *""By making [Rey] nobody, she gets to be somebody. She gets to be EVERYBODY.""*)

- In further addition to point #2 above, I'm also 99% certain that Disney has already ""Potter-ified"" the lore surrounding one *Star Wars* aspect - lightsabers - to make them more like *Harry Potter* wands, which are a heavily profitable, interactive, and marketed aspect of the *Harry Potter* theme parks (see my comment on r/StarWarsCantina [here](https://www.reddit.com/r/StarWarsCantina/comments/8q4x03/a_heart_of_kyber_how_anakins_lightsaber_the_kyber/e0grsgs/?context=1) for in-depth explanation); this is because Disney likely aims to make lightsabers an equally keystone merchandise division of ""Galaxy's Edge"" in 2019",33,1528695117,StarWars,Bob Chapek
post,btnpay,"My Mom’s Boyfriend, recently had a stroke, so she reached out to Disney and Bob Chapek sent him a box of goodies directly! ",3,1558972960,StarWars,Bob Chapek
post,f9hzyh,"Zeke Miller on Twitter: Disney names Bob chapek CEO, replacing Bob iger, effective immediately. ",0,1582667673,StarWars,Bob Chapek
post,f9i5rk,Bob Iger steps down as Disney CEO. Bob Chapek replaces him [deleted],1,1582668277,StarWars,Bob Chapek
post,f9ox4n,"Why do Star Wars fans hate Bob Iger? Hello everyone. With the news of Bob Iger stepping down as Chief Executive Officer of The Walt Disney  Company and stepping into his new role as Executive Chairman to focus on ""creative endeavors,"" I've heard a lot from Star Wars fans about how they immensely dislike Bob Iger and what he has done to the Star Wars franchise. Can someone please explain this to me. I happen to think Bob Iger was the best thing that happened to Star Wars and Lucasfilms. Thanks!

Edit: thoughts on Bob Chapek as the new CEO and what impact he might have on Star Wars?",3,1582697817,StarWars,Bob Chapek
post,g0d8e5,Bob Iger has taken CEO responsibilities back from Bob Chapek at The Walt Disney Company ,19,1586758143,StarWars,Bob Chapek
post,f9h9bh,Bob Iger stepping down for Parks COO Bob Chapek ,1,1582664972,wallstreetbets,Bob Chapek
post,fhs28d,"Disney launching Disney+ XXX to bolster sales Disney’s board of directors has approved the release of exclusive princes porn in order to bolster sales during this difficult time. Disney+ XXX will be launched Monday for an additional $6.90 for customers who already have a Disney+ subscription or $12 by itself. The marketing team is reportedly working up shows now. 

“We know customers will enjoy our new twists on Disney classics such as Snow White takes on 7 dwarfs at the same time and Elsa and Olaf’s carrot.” said market team leader Peter File. “I’m glad I stocked up on so much toilet paper.” said Disney’s new CEO Bob Chapek. “I’m gonna need a lot of paper to clean myself up with all these great new shows coming out. I’m most excited for Sleeping Step Beauty.” Chapek added. 

Disney’s stock is down 30% as parks around the world close and movie releases are delayed due to Covid 19. Disney is asking for customer feed back and suggestions on new show offerings for Disney+ XXX. While not available at launch, Disney is planning content for 🌈 🐻s including Beauty and the 🌈🐻 featuring a guest appearance by Tesla’s eccentric CEO Elon musk. “We hope these new offerings will position us for success in this tumultuous environment.” said Bob Chapek.",310,1584064664,wallstreetbets,Bob Chapek
post,g5pv0q,DIS: Bob Chapek blowing it [removed],0,1587510406,wallstreetbets,Bob Chapek
post,kmk1f7,"Disney and AMC Will Happen - Ban Redemption DD How about a Ban Redemption DD for you autists. Disney REQUIRES movie theaters and there is 0% chance they allow AMC to go under. Disney revenues could see a decline of nearly $300 million per tentpole if they plan on going PVOD (paid-video-on-demand) only with Disney+ subscribers versus movie theater release.

**Disney Tentpole Releases**

In 2019, Disney released eight major tentpoles with an average of $1.4 billion in revenue ($1.2 billion median revenue). If you take into consideration production and marketing costs, along with revenue share with distributors such as AMC and Cinemark, you’re looking at a net revenue of around $250-300 million. How does the math work? (rounded to nearest $100MM):

AVG tentpole revenue: $1.4 billion

AVG revenue share (@ 50%): -$700MM

AVG production cost: -$200MM

AVG marketing cost: -$200MM

AVG net revenue: $300MM

With an acquisition of the theater itself, you have embedded advertising within the theater for upcoming releases and more importantly, the revenue sharing would be wiped for AMC (which holds approximately 50% of attendees). The reduction of costs (cinema advertising, TV advertising, online advertising, etc.) would be dramatically reduced, likely around 20-25% given free media inventory, including email and elsewhere, could be used to supplement. The big savings comes from the revenue share reduction. Here is the breakdown of the savings if acquired:

Revenue share savings (@50% share): $350MM

Marketing cost savings: $50-75MM

Disney is expected to expand releases at a level of 10+ tentpoles per year across the entire seasonal cycle, with summer and holiday season being the predominant timeline. This level will likely not be reduced as Disney is in content creation mode which allows movie production to coincide with series production in order to consolidate production budgets (think Wandavision with Marvel and Mandalorian with Star Wars). These synergies will greatly reduce production costs going forward, but only if revenues will support. Disney+ content will likely not be net positive until some point in 2023-24. The net return moving positive will be realized due to pricing expansion as they are giving things away to further build their subscription moat.

[Here's Disney's full movie release schedule through 2027 - Insider](https://www.insider.com/disney-pixar-marvel-star-wars-fox-movies-through-2027-2019-5#pixars-soul-was-moved-from-the-summer-to-the-fall-of-2020-now-it-will-be-released-on-streaming-1) 

Why are theaters imperative? Mulan will likely show a revenue total across Disney+ in the $55-60 million range. Assuming we see the same revenue curve of traditional theater revenue, their first weekend of $35 million will likely net to be 60% of total revenue (revenue data for movies). With barely breaking $65 million in the box office, Disney likely left $600-800 million on the table had the pandemic not hit.

 [How important is the opening week to a movie's total box office? (stephenfollows.com)](https://stephenfollows.com/how-important-is-the-opening-week-to-a-movies-total-box-office/)

**Additional Revenue Sources**

Now here is where the other big element comes in that will have some speculative math. I wanted to add this in order to convey the possible revenue streams to come from this.  We can take a look at 2019 levels to work against. Here are the numbers:

2019 AMC attendee levels: 356MM (taken from the 2019 annual report)

Unique visitors: 71MM (assuming a five movies-per-year)

[Movie theater attendance statistics in U.S. | Statista](https://www.statista.com/statistics/264396/frequency-of-going-to-the-movies-in-the-us/)

One thing to note about people who visit theaters is their propensity for entertainment consumption and travel are higher than other individuals. What this means is that these people are more likely to be ones who go to Orlando or California to visit Disney parks versus other people. They are more likely to go to a restaurant and spend their discretionary money on experience. Cross-promotion of this audience with loyalty, Disney+ subscription, Disney annual passholder and other discount potential would allow further capitalization opportunities. Additionally, the creation of a brick-and-mortar Disney store within theater itself would allow for product purchase to an audience already showing demand for the IP they are going to see (think of Gamestop toys in an AMC “GME Gang 4 Life!”). Queue speculative math:

New Disney+ subscribers annual revenue: $100MM (@2% unique visitors joining annually)

Disney store (in theater) revenue: ??

Lease renegotiation/additional synergy savings: ??

Disney park/passholder revenue: $50-75MM (@2% of unique visitors with average visitor spend at parks) 

[Annual Disney Park Attendance Statistics and Charts | Disney Resources (disneynews.us)](https://disneynews.us/disney-parks-attendance/)

Advertising reduction: $25-50MM (based on a 10-20% reduction of current ad spending around $280MM for parks)

Total additional revenue and savings: $175-250MM

**Internal Rate of Return (IRR)**

This MFer is important. The corporate overlords have to find ways to spend their money the best way possible. They decide if content creation, capital expense with parks, etc will net the most in returns given opportunity cost. Within my own company and friends’ companies across the CPG/Media/Technology sectors, I am seeing anywhere between 8-15% IRRs. In other words, Disney needs to make that back with any capital expense, be it an acquisition or within their current assets. The return timeframe is anywhere from 2-3 years, especially in this environment since the concern of inflation in the next 3-5 years may push that IRR number up. Simple math, lets look at a 10% IRR in these calculations:

Current AMC market cap: \~$385MM

Current AMC debt obligations annually: \~2-2.5 billion

[Why AMC Entertainment's Debt Refinancing Is a Big Deal (fool.com)](https://www.fool.com/investing/2019/03/29/why-amc-entertainments-debt-refinancing-is-a-big-d.aspx)

Market Cap high (October 2018: $2.1 billion

While looking at a market cap high with a production company purchasing the assets is likely not truly a like-for-like view, understanding what potential savings that Disney would see if they purchased the AMC assets and capitalized on the savings noted above, we can assume this conservative savings level:

Tentpole savings (@ 10 per year): $4.5 billion

Additional revenue/savings: $175-250MM

Minus debt obligations: $2-2.5 billion

Net revenue gains: $2.675-2.75 billion

Finally, if we look at a 3-year window for the IRR assumption, we take the net revenue and minus the initial acquisition cost. We would not want to go down to the bottom of the IRR, but have the float be considerably higher versus the IRR minimum assumption of 10%:

2-year revenue gains: $5.35-5.5 billion + acquisition cost

Acquisition assumption: $2-2.5 billion, but likely even as high as $3 billion

Market cap range stock price: $12.50-15.50

**Headwinds and Entry Point**

Wow, stock price gains from $2.40 to $12.50 sounds wonderful, but I would preface to say that the next three months are going to be a rollercoaster. There are two major events that could be a catalyst lower:

1) share dilution due to an offering of 100MM shares (as about 55MM have been added of the 150MM that was noted in previous disclosures)

2) bankruptcy due to cash burn. If AMC does dilute further, we could see a 40% reduction from these levels. If bankruptcy happens, then it’s game over.

What does this mean? Entry point for me is some point in late winter, in and around the last week in February or early March. I would definitely wait until January is over to see what happens. It may be as late as April, but you may miss the bottom at that point. This isn’t financial advice, but no one ever picks the absolute bottom.

Do I buy shares or options? I would expect the stock price to creep below $2 over the coming months and think to enter between $1.50-2.00. There may be some crazy options available in the $3-5 range that look to be FD level, but may as well take on the stock side at those levels. If you do get into the options side, expect cheap leaps depending on bankruptcy news (as they are cheap right now anyways). Just understand it is a risky bet. After reading the archived u/Deepfuckingvalue post, I would think this may be one of those stories. The reason I don’t think this will be a Hertz-level bankruptcy is due to the dependency of the media companies.

As mentioned with a possible dilution, the market cap range for the stock gets reduced 40% ($7.50-9.25 give-or-take).

**Additional Notes**

While this is speculation, the two additional drivers for this event would be as follows:

1) Cinemark is eyeing AMC assets and Disney would not want Cinemark to have more control which could pressure revenue sharing

2) Regulatory concern over monopoly power would likely fall to the wayside due to the level of financial distress AMC is under and concerns over job loss and recovery concerns

The AMC assets are strong given the revenue they do currently generate. With a cost-cutter like Bob Chapek in charge of reversing AMCs course to sustained profitability being a win-win for AMC and Disney, this would fit in well with the Disney properties.

I welcome your brutal thoughts as I put on my helmet (the one with my name on it).

**TLDR:** If AMC isn't delisted by April, Disney will likely buy them.  Look for an entry point under $2 in late winter if they haven't filed for bankruptcy (not financial advice)!

Positions: GME, PLTR (to the moon!!!!!! **🚀**  **🚀**  **🚀**  **🚀**  **🚀**  **🚀**  **🚀** ) AMC in March if they're still around.",325,1609267090,wallstreetbets,Bob Chapek
post,84h6f7,"Disney announces strategic reorganization, effective immediately * [Disney Reorganization Anticipates 21st Century Fox Assets
](https://www.nytimes.com/2018/03/14/business/media/walt-disney-21st-century-fox.html)

>The reorganization, which involves significant changes for every part of Disney except for the movie division, sets up a structure for Disney to absorb the Fox businesses. They include the Fox movie and television studio, a large portion of Hulu, 22 regional cable networks dedicated to sports, the FX and National Geographic channels, and stakes in two behemoth overseas TV service providers, Sky of Britain and Star of India.



* [Disney announces strategic reorganization, effective immediately](https://www.cnbc.com/2018/03/14/disney-announces-strategic-reorganization-effective-immediately.html)




>New Structure Consolidates the Company's Direct-to-Consumer Services, Technology and International Media Operations into a Single, Worldwide Business to Capitalize on Growth Opportunities

>Parks and Resorts and Consumer Products Operations Combined to Create New Hub Where Disney's Stories, Characters and Franchises Come to Life

>Kevin Mayer Named Chairman of Direct-to-Consumer and International Segment

>Bob Chapek Named Chairman of Parks, Experiences and Consumer Products Segment",30,1521063329,investing,Bob Chapek
post,f9hbdh,"Bob Chapek has been named Chief Executive Officer, The Walt Disney Company, effective immediately; Bob Iger to remain exec. chairman through 2021 https://www.cnbc.com/2020/02/25/disney-names-bob-chapek-next-ceo.html",142,1582665181,investing,Bob Chapek
post,f9hgqe,"Bob Iger to step down as Disney CEO, effective immediately https://www.cnbc.com/2020/02/25/disney-names-bob-chapek-next-ceo.html",101,1582665718,investing,Bob Chapek
post,f9hgzr,Bob Iger steps down as Disney CEO. Stock down 4.82% [Link to CNBC article](https://www.cnbc.com/amp/2020/02/25/disney-names-bob-chapek-next-ceo.html),19,1582665743,investing,Bob Chapek
post,f9itdt,Bob Iger on CEO transition: 'We're not concerned at all about creating any confusion' https://www.cnbc.com/2020/02/25/disney-names-bob-chapek-next-ceo.html,0,1582670757,investing,Bob Chapek
post,fe1svx,"How do you feel about Bob Chapek as the new CEO of Disney? If this question has already been posted, can somebody provide a link, please?",7,1583441272,investing,Bob Chapek
post,ja3gzj,"Disney says its ‘primary focus’ for entertainment is streaming — announces a major reorg Disney is restructuring its media and entertainment divisions, as streaming becomes the most important facet of the company’s media business.

On Monday, the company revealed that in order to further accelerate its direct-to-consumer strategy, it would be centralizing its media businesses into a single organization that will be responsible for content distribution, ad sales and Disney+.

Shares of the company jumped more than 5% during after-hours trading following the announcement.

The move by Disney comes as the global coronavirus pandemic has crippled its theatrical business and ushered more customers toward its streaming options. As of August, Disney has 100 million paid subscribers across its streaming offerings, more than half of whom are subscribers to Disney+.

“I would not characterize it as a response to Covid,” CEO Bob Chapek told CNBC’s Julia Boorstin on “Closing Bell” on Monday. “I would say Covid accelerated the rate at which we made this transition, but this transition was going to happen anyway.”

“We are tilting the scale pretty dramatically [toward streaming],” Chapek said on “Closing Bell,” noting that the company is looking at all investments, **including dividends**, as it seeks to increase its spend on new content. Chapek said the board of directors will have the final say on Disney’s dividend payouts.

Only last week, activist investor Dan Loeb called on Chapek to end the company’s annual $3 billion dividend to divert more capital to new Disney+ content.

Loeb’s Third Point Capital is one of Disney’s largest shareholders and bought more shares earlier this year in support of Disney’s repositioning around Disney+, its flagship subscription streaming service.

Loeb told CNBC, “We are pleased to see that Disney is focused on the same opportunity that makes us such enthusiastic shareholders: investing heavily in the DTC business, positioning Disney to thrive in the next era of entertainment.”

Chapek said the reorganization could result in some reduction of staff, but not likely at the same scale as was seen at the company’s parks division last month. Disney was forced to lay off around 28,000 workers after it became clear that its Disneyland parks in California would not be reopening soon.

As part of this reorganization, Disney has promoted Kareem Daniel, the former president of consumer products, games and publishing. He will now oversee the new media and entertainment distribution group.

He’ll be in charge of making sure streaming becomes profitable, as the company continues to invest heavily in its various streaming products. Daniel will hold the reins to all of the company’s streaming services and domestic television networks, including all content distribution, sales and advertising.

Disney is becoming more reliant on Disney+ as movie theaters have been unable to recover after being shuttered in March due to the outbreak. Ticket sales have been particularly lackluster at domestic cinemas since the industry attempted a large-scale reopening in late August.

In recent months, the company pushed back a number of its theatrical releases including its Marvel blockbuster “Black Widow.” The much anticipated Pixar film “Soul” has also been postponed. It will now arrive on Disney+ in December.

Analysts are still awaiting word from Disney about how “Mulan” fared after Disney removed it from theatrical release and sold it through Disney+ for $30. It is expected the company will share more details about its performance during its next earnings report in November.

Daniel will be responsible, in part, for making big decisions about Disney’s theatrical and streaming release schedules going forward.

″[Consumers] are going to lead us,” Chapek said on “Closing Bell.” “Right now they are voting with their pocketbooks, and they are voting very heavily toward Disney+. We want to make sure that we are going the way the consumers want us to go.”

**Reorganizing Disney’s media business**

Alan Horn and Alan Bergman will remain in charge of the company’s studios, Peter Rice will continue to head the company’s general entertainment group, and James Pitaro will stay as head of the company’s sports content.

All will report directly to CEO Bob Chapek. The company’s parks, experiences and products segment will remain under the leadership of Josh D’Amaro, and Rebecca Campbell will remain on as the chairman of direct-to-consumer and international operations. Campbell will report directly to Chapek for all things related to international operations but will report to Daniel when it comes to Disney+, Hulu and ESPN+.

“Given the incredible success of Disney+ and our plans to accelerate our direct-to-consumer business, we are strategically positioning our Company to more effectively support our growth strategy and increase shareholder value,” Chapek said in a statement announcing the reorganization. “Managing content creation distinct from distribution will allow us to be more effective and nimble in making the content consumers want most, delivered in the way they prefer to consume it.”

Under Horn and Bergman, the studios segment will focus on creating content for theatrical release, Disney+ and Hulu. Walt Disney Studios, Marvel Studios, Pixar Animation Studios, Walt Disney Animation Studios, Lucasfilm, 20th Century Studios and Searchlight Pictures all fall under their purview.

Rice’s general entertainment segment includes 20th Television, ABC Signature and Touchstone Television, ABC News, Disney Channels, Freeform, FX and National Geographic.

As for Pitaro’s sports segment, that will focus on live sports programming, sports news and original and nonscripted sports-related content across ESPN, ESPN+ and ABC.

Daniel’s media and entertainment distribution group will manage all distribution, operations, sales and advertising across the three content groups. Daniel has spent 14 years with the company in a variety of positions. He helped transform Disney’s Star Wars property into the two Star Wars: Galaxy’s Edge lands in Disney World and Disneyland as well as aided in bringing Toy Story Land, Pixar Pier and Avengers Campus to the parks.

“Kareem is an exceptionally talented, innovative and forward-looking leader, with a strong track record for developing and implementing successful global content distribution and commercialization strategies,” said Chapek.

This new structure is effective immediately. The company currently expects to transition its financial reporting to reflect these changes beginning in the first quarter of fiscal 2021.

Additionally, Disney announced that it will hold a virtual investor day on Dec. 10. 

&nbsp;

Source - https://www.cnbc.com/2020/10/12/disney-reorganizes-to-focus-on-streaming-direct-to-consumer.html",1565,1602550817,investing,Bob Chapek
post,f9halz,"Bob Iger to step down as Disney CEO https://www.cnbc.com/2020/02/25/disney-names-bob-chapek-next-ceo.html

Disney announced Tuesday that CEO Bob Iger will step down from the role and become executive chairman through 2021, effective immediately.

Bob Chapek, who most recently served as chairman of Disney parks, experiences and products, will assume the role of CEO.

Iger plans to focus on Disney’s creative strategy through the remainder of his tenure.",19,1582665101,stocks,Bob Chapek
post,f9hbw9,"Bob Chapek named CEO of Walt Disney, replacing Bob Iger effective immediately. [removed]",1,1582665235,stocks,Bob Chapek
post,f9hcvi,Bob iger steps down Disney CEO has stepped down immediately being replaced by Bob chapek,0,1582665341,stocks,Bob Chapek
post,f9he6a,"The future of Disney’s DIS? Walt Disney’s CEO, Bob, stepped down, effective immediatly as CEO.
How do you think this will affect the (shirt term) future of the stock? Curious about your views!

Edit : 

Let’s not forget about their online platform.

Src: [source](https://www.cnbc.com/2020/02/25/disney-names-bob-chapek-next-ceo.html?__source=iosappshare%7Ccom.apple.UIKit.activity.CopyToPasteboard)",44,1582665477,stocks,Bob Chapek
post,gej9lq,"Why I'm Still Bullish on Disney Disney reported earnings per share of 60c for Q2 yesterday afternoon sending their stock plummeting. COVID-19 has been problematic for Disney and has greatly impacted their main revenue stream, their theme parks. CEO Bob Chapek stated losses in the range of **$1 billion** due to the closures. With a huge miss in earnings and $1 billion in losses in only a little over a month how can I remain bullish?

Disney has diversified income streams. While it’s true about 35% of their revenue is theme park oriented, 65% is media and entertainment based. Disney+ saw subscriber numbers eclipse 50 million. Sales grew year over year from $14.9 billion to $18 billion. Despite the economic slowdown Disney has continued to see growth. In a surprising twist, ESPN reported sales of $7.3 billion compared to analyst estimates of $6.6 billion. In a time period largely without sports it’s great to see higher than expected sales numbers out of ESPN. 

Additional factors that keep me bullish are:

* Disney+ will be launching in new markets soon, to include Japan
* ESPN primetime viewership increased in April
* Disney has rolled out plans for phased reopenings of their theme parks to include social distancing measures and temperature checks
* Shanghai Disney will be reopening on May 11

*Disclaimer: I hold long positions in Walt Disney Company and have bought additional shares during the recent market sell-off.*",13,1588768918,stocks,Bob Chapek
post,j9yu76,"Disney says its ‘primary focus’ for entertainment is streaming — announces a major reorg Disney is restructuring its media and entertainment divisions, as streaming becomes the most important facet of the company's business.

On Monday, the company revealed that in order to further accelerate its direct-to-consumer strategy, it would be centralizing its media businesses into a single organization that will be responsible for content distribution, ad sales and Disney+.

Shares of the company jumped more than 5% during after hours trading.

The move by Disney comes as the global coronavirus pandemic has crippled its theatrical business and ushered more customers towards its streaming options. As of August, Disney has 100 million paid subscribers across its streaming offerings, more than half of which are subscribers to Disney+.

Only last week, activist investor Dan Loeb called on Chief Executive Officer Bob Chapek to end the company's annual $3 billion dividend to divert more capital to new Disney+ content.

Loeb's Third Point Capital is one of Disney's largest shareholders and bought more shares earlier this year in support of Disney's repositioning around Disney+, its flagship subscription streaming service.

As part of this reorganization, Disney has promoted Kareem Daniel, the former president of games and publishing within Disney's consumer products division. He will now oversee the new media and entertainment distribution group.

He'll be in charge of making sure streaming becomes profitable, as the company continues to invest heavily in its various streaming products. Daniels will hold the reins to all of the company's streaming services and domestic television networks, including all content distribution, sales and advertising.

Disney is becoming more reliant on Disney+ as movie theaters have been unable to recover after being shuttered in March due to the outbreak. Ticket sales have been particularly lackluster at domestic cinemas since the industry attempted a large-scale reopening in late August.

In recent months, the company pushed back a number of its theatrical releases including Marvel blockbuster ""Black Widow."" The much anticipated Pixar film ""Soul"" has also been postponed. It will now arrive on Disney+ in December.

Analysts are still awaiting word from Disney about how ""Mulan"" fared after Disney removed it from theatrical release and sold it through Disney+ for $30. It is expected the company will share more details about its performance during its next earnings report in November.

Daniel will be responsible, in part, for making big decisions about Disney's theatrical and streaming release schedules going forward.

Reorganizing Disney's media business

Alan Horn and Alan Bergman will remain in charge of the company's studios, Peter Rice will continue to head the company's general entertainment group and James Pitaro will stay as head of the company's sports content.

All will report directly to CEO Bob Chapek. The company's parks, experiences and products segment will remain under the leadership of Josh D'Amaro and Rebecca Campbell will remain on as the chairman of direct-to-consumer and international operations. Campbell will report directly to Chapek for all things related to international operations but will report to Daniel when it comes to Disney+, Hulu and ESPN+.

""Given the incredible success of Disney+ and our plans to accelerate our direct-to-consumer business, we are strategically positioning our Company to more effectively support our growth strategy and increase shareholder value,"" Chapek said in a statement announcing the reorganization. ""Managing content creation distinct from distribution will allow us to be more effective and nimble in making the content consumers want most, delivered in the way they prefer to consume it.""

Under Horn and Bergman, the studios segment will focus on creating content for theatrical release, Disney+ and Hulu. Walt Disney Studios, Marvel Studios, Pixar Animation Studios, Walt Disney Animation Studios, Lucasfilm, 20th Century Studios and Searchlight Pictures all fall under their perview.

Rice's general entertainment segment includes 20th Television, ABC Signature and Touchstone Television, ABC News, Disney Channels, Freeform, FX and National Geographic.

As for Pitaro's sports segment, that will focus on live sports programming, sports news and original and non-scripted sports-related content across ESPN, ESPN+ and ABC.

Daniel's media and entertainment distribution group will manage all distribution, operations, sales and advertising across the three content groups. Daniel has spent 14 years at with company in a variety of positions. He helped transform Disney's Star Wars property into the two Star Wars: Galaxy's Edge lands in Disney World and Disneyland as well as aided in bringing Toy Story Land, Pixar Pier and Avengers Campus to the parks.

""Kareem is an exceptionally talented, innovative and forward-looking leader, with a strong track record for developing and implementing successful global content distribution and commercialization strategies,"" said Chapek.

This new structure is effective immediately. The company currently expects to transition its financial reporting to reflect these changes beginning in the first quarter of fiscal 2021.

Additionally, Disney announced that it will hold a virtual investor day on Dec. 10. 

[Source](https://www.cnbc.com/2020/10/12/disney-reorganizes-to-focus-on-streaming-direct-to-consumer.html)",208,1602534454,stocks,Bob Chapek
post,jt3dgo,"Disney loses 36cents per share but beats expectations  “Even with the disruption caused by COVID-19, we’ve been able to effectively manage our businesses while also taking bold, deliberate steps to position our company for greater long-term growth,” said Bob Chapek, Chief Executive Officer, The Walt Disney Company. “The real bright spot has been our direct-to-consumer business, which is key to the future of our company, and on this anniversary of the launch of Disney+ we’re pleased to report that, as of the end of the fourth quarter, the service had more than 73 million paid subscribers – far surpassing our expectations in just its first year.” 

[DISNEY EPS](https://ibb.co/4Nk4Bk5)

 BURBANK, Calif. – The Walt Disney Company today reported earnings for its fourth quarter and fiscal year ended October 3, 2020. Diluted earnings per share (EPS) from continuing operations for the fourth quarter was a loss of $0.39 compared to income of $0.43 in the prior-year quarter. Excluding certain items affecting comparability(1), diluted EPS for the quarter was a loss of $0.20 compared to income of $1.07 in the prior-year quarter. EPS from continuing operations for the year was a loss of $1.57 compared to income of $6.26 in the prior year. Excluding certain items affecting comparability(1), EPS for the year decreased to $2.02 from $5.76 in the prior year. Results in the quarter and fiscal year ended October 3, 2020 were adversely impacted by the novel coronavirus (COVID-19). The most significant impact was at the Parks, Experiences and Products segment where since the second quarter of the fiscal year, our parks and resorts have been closed or operating at significantly reduced capacity and our cruise ship sailings have been suspended",50,1605215608,stocks,Bob Chapek
post,jt3dbi,"Disney loses 36cents per share but beats expectations  “Even with the disruption caused by COVID-19, we’ve been able to effectively manage our businesses while also taking bold, deliberate steps to position our company for greater long-term growth,” said Bob Chapek, Chief Executive Officer, The Walt Disney Company. “The real bright spot has been our direct-to-consumer business, which is key to the future of our company, and on this anniversary of the launch of Disney+ we’re pleased to report that, as of the end of the fourth quarter, the service had more than 73 million paid subscribers – far surpassing our expectations in just its first year.” 

[DISNEY EPS](https://ibb.co/4Nk4Bk5)

 BURBANK, Calif. – The Walt Disney Company today reported earnings for its fourth quarter and fiscal year ended October 3, 2020. Diluted earnings per share (EPS) from continuing operations for the fourth quarter was a loss of $0.39 compared to income of $0.43 in the prior-year quarter. Excluding certain items affecting comparability(1), diluted EPS for the quarter was a loss of $0.20 compared to income of $1.07 in the prior-year quarter. EPS from continuing operations for the year was a loss of $1.57 compared to income of $6.26 in the prior year. Excluding certain items affecting comparability(1), EPS for the year decreased to $2.02 from $5.76 in the prior year. Results in the quarter and fiscal year ended October 3, 2020 were adversely impacted by the novel coronavirus (COVID-19). The most significant impact was at the Parks, Experiences and Products segment where since the second quarter of the fiscal year, our parks and resorts have been closed or operating at significantly reduced capacity and our cruise ship sailings have been suspended",7,1605215595,StockMarket,Bob Chapek
